"Time (s)","Latitude (°)","Longitude (°)","Altitude (m)","Altitude WGS84 (m)","Speed (m/s)","Direction (°)","Distance (km)","Horizontal Accuracy (m)","Vertical Accuracy (m)","Satellites"
1.539820220E-1,5.119115791E1,2.086004335E1,2.453208680E2,2.800000000E2,4.198999786E1,0.000000000E0,4.027318618E-2,5.500000000E0,6.000000000E0,2.900000000E1
1.153980338E0,5.119152009E1,2.086004586E1,2.443226232E2,2.790000000E2,4.132999802E1,5.000000000E-1,7.984473061E-2,5.500000000E0,6.000000000E0,2.900000000E1
2.153978713E0,5.119187586E1,2.086005969E1,2.433243670E2,2.780000000E2,4.152000046E1,1.100000024E0,1.199505091E-1,5.000000000E0,6.000000000E0,2.900000000E1
3.153977020E0,5.119223641E1,2.086007528E1,2.433261370E2,2.780000000E2,4.136999893E1,2.099999905E0,1.617820094E-1,5.500000000E0,6.000000000E0,2.800000000E1
4.153975363E0,5.119261213E1,2.086010562E1,2.433280060E2,2.780000000E2,4.137999725E1,2.200000048E0,2.021681014E-1,6.000000000E0,7.000000000E0,2.800000000E1
5.153973697E0,5.119297511E1,2.086012591E1,2.443297960E2,2.790000000E2,4.129999924E1,1.200000048E0,2.422652876E-1,6.500000000E0,7.000000000E0,2.400000000E1
6.153972056E0,5.119333541E1,2.086014963E1,2.443315789E2,2.790000000E2,4.123999786E1,1.799999952E0,2.831354095E-1,6.000000000E0,7.000000000E0,2.400000000E1
7.153970354E0,5.119370257E1,2.086017645E1,2.443334004E2,2.790000000E2,4.120999908E1,2.500000000E0,3.239180362E-1,7.000000000E0,8.000000000E0,2.300000000E1
8.153968757E0,5.119406907E1,2.086019883E1,2.453352110E2,2.800000000E2,4.114999771E1,1.700000048E0,3.662718767E-1,7.000000000E0,8.000000000E0,2.300000000E1
9.153967057E0,5.119444982E1,2.086021584E1,2.463370811E2,2.810000000E2,4.118999863E1,1.500000000E0,4.092110911E-1,7.500000000E0,8.000000000E0,2.300000000E1
1.015396537E1,5.119483560E1,2.086024334E1,2.463389938E2,2.810000000E2,4.141999817E1,2.099999905E0,4.546740267E-1,7.500000000E0,8.000000000E0,2.300000000E1
1.115396374E1,5.119524401E1,2.086027393E1,2.443410212E2,2.790000000E2,4.229999924E1,2.500000000E0,5.002771278E-1,7.500000000E0,8.000000000E0,2.400000000E1
1.215396204E1,5.119565388E1,2.086029648E1,2.423430418E2,2.770000000E2,4.370000076E1,1.799999952E0,5.473018394E-1,7.500000000E0,8.000000000E0,2.400000000E1
1.315396040E1,5.119607650E1,2.086032137E1,2.423451280E2,2.770000000E2,4.554999924E1,1.700000048E0,5.955958549E-1,8.000000000E0,9.000000000E0,2.200000000E1
1.415395882E1,5.119651060E1,2.086034342E1,2.433472648E2,2.780000000E2,4.629999924E1,2.099999905E0,6.420481939E-1,8.000000000E0,8.000000000E0,2.200000000E1
1.515395712E1,5.119692814E1,2.086036462E1,2.433493200E2,2.780000000E2,4.618999863E1,2.000000000E0,6.888597970E-1,8.000000000E0,9.000000000E0,2.100000000E1
1.615395545E1,5.119734870E1,2.086039480E1,2.433514055E2,2.780000000E2,4.656999969E1,3.000000000E0,7.355954266E-1,8.500000000E0,9.000000000E0,2.100000000E1
1.715395380E1,5.119776763E1,2.086044903E1,2.433535249E2,2.780000000E2,4.652999878E1,4.900000095E0,7.841507524E-1,8.500000000E0,9.000000000E0,2.100000000E1
1.815395213E1,5.119820273E1,2.086050795E1,2.443557306E2,2.790000000E2,4.723999786E1,5.900000095E0,8.310299156E-1,8.500000000E0,9.000000000E0,2.100000000E1
1.915395044E1,5.119862191E1,2.086057987E1,2.443578819E2,2.790000000E2,4.586000061E1,6.900000095E0,8.773677492E-1,8.500000000E0,9.000000000E0,2.100000000E1
2.015394883E1,5.119903590E1,2.086065606E1,2.433600155E2,2.780000000E2,4.568999863E1,7.500000000E0,9.236193624E-1,7.500000000E0,8.000000000E0,2.200000000E1
2.115394719E1,5.119944774E1,2.086074910E1,2.413621680E2,2.760000000E2,4.502000046E1,9.500000000E0,9.686439487E-1,7.500000000E0,8.000000000E0,2.200000000E1
2.215394548E1,5.119984726E1,2.086085421E1,2.403642819E2,2.750000000E2,4.516999817E1,1.080000019E1,1.014590877E0,7.000000000E0,8.000000000E0,2.300000000E1
2.315394383E1,5.120025211E1,2.086098623E1,2.403664684E2,2.750000000E2,4.534000015E1,1.269999981E1,1.058741862E0,7.000000000E0,8.000000000E0,2.200000000E1
2.415394216E1,5.120063437E1,2.086115764E1,2.403686140E2,2.750000000E2,4.546999741E1,1.400000000E1,1.103631616E0,7.000000000E0,9.000000000E0,2.300000000E1
2.515394054E1,5.120102446E1,2.086132351E1,2.403707880E2,2.750000000E2,4.557999802E1,1.589999962E1,1.149679835E0,7.000000000E0,9.000000000E0,2.100000000E1
2.615393883E1,5.120142201E1,2.086150859E1,2.403730313E2,2.750000000E2,4.563999939E1,1.710000038E1,1.195675756E0,7.500000000E0,1.000000000E1,2.000000000E1
2.715393718E1,5.120181299E1,2.086172417E1,2.403752958E2,2.750000000E2,4.566999817E1,1.889999962E1,1.241955787E0,7.000000000E0,1.000000000E1,2.100000000E1
2.815393557E1,5.120220727E1,2.086193690E1,2.413775714E2,2.760000000E2,4.570999908E1,2.000000000E1,1.288189788E0,7.000000000E0,9.000000000E0,2.100000000E1
2.915393384E1,5.120259741E1,2.086216640E1,2.403798560E2,2.750000000E2,4.575999832E1,2.079999924E1,1.334462572E0,7.000000000E0,9.000000000E0,2.200000000E1
3.015393221E1,5.120298210E1,2.086241970E1,2.423821556E2,2.770000000E2,4.591999817E1,2.189999962E1,1.381833477E0,7.000000000E0,9.000000000E0,2.300000000E1
3.115393057E1,5.120337634E1,2.086267736E1,2.443845090E2,2.790000000E2,4.612999725E1,2.210000038E1,1.428002884E0,7.000000000E0,9.000000000E0,2.300000000E1
3.215392892E1,5.120376325E1,2.086291783E1,2.463867971E2,2.810000000E2,4.629999924E1,2.150000000E1,1.474208477E0,6.500000000E0,9.000000000E0,2.300000000E1
3.315392724E1,5.120415150E1,2.086315420E1,2.453890845E2,2.800000000E2,4.643999863E1,2.060000038E1,1.520880257E0,6.500000000E0,9.000000000E0,2.300000000E1
3.415392561E1,5.120454515E1,2.086338663E1,2.463913911E2,2.810000000E2,4.645999908E1,2.060000038E1,1.567342730E0,6.500000000E0,9.000000000E0,2.300000000E1
3.515392392E1,5.120493713E1,2.086361764E1,2.463936872E2,2.810000000E2,4.654999924E1,2.029999924E1,1.613803303E0,6.500000000E0,9.000000000E0,2.400000000E1
3.615392226E1,5.120532962E1,2.086384638E1,2.453959818E2,2.800000000E2,4.661000061E1,2.020000076E1,1.660172474E0,6.500000000E0,9.000000000E0,2.300000000E1
3.715392056E1,5.120571753E1,2.086409063E1,2.443982812E2,2.790000000E2,4.661999893E1,2.089999962E1,1.707860736E0,6.500000000E0,9.000000000E0,2.300000000E1
3.815391892E1,5.120612175E1,2.086431937E1,2.444006325E2,2.790000000E2,4.671999741E1,1.979999924E1,1.754656167E0,6.500000000E0,9.000000000E0,2.400000000E1
3.915391727E1,5.120652077E1,2.086453286E1,2.444029321E2,2.790000000E2,4.686999893E1,1.910000038E1,1.800295754E0,6.500000000E0,9.000000000E0,2.400000000E1
4.015391556E1,5.120691074E1,2.086473721E1,2.424051721E2,2.770000000E2,4.693999863E1,1.870000076E1,1.845959263E0,6.000000000E0,9.000000000E0,2.400000000E1
4.115391392E1,5.120730091E1,2.086494165E1,2.424074132E2,2.770000000E2,4.689999771E1,1.820000076E1,1.892570359E0,6.000000000E0,9.000000000E0,2.300000000E1
4.215391230E1,5.120770019E1,2.086514541E1,2.424096971E2,2.770000000E2,4.684000015E1,1.739999962E1,1.939547786E0,7.000000000E0,1.000000000E1,2.300000000E1
4.315391061E1,5.120810432E1,2.086534197E1,2.414119920E2,2.760000000E2,4.682999802E1,1.679999924E1,1.986858181E0,7.000000000E0,1.000000000E1,2.300000000E1
4.415390890E1,5.120851113E1,2.086554087E1,2.414143039E2,2.760000000E2,4.684999847E1,1.639999962E1,2.033038618E0,6.500000000E0,9.000000000E0,2.300000000E1
4.515390730E1,5.120890894E1,2.086573130E1,2.404165576E2,2.750000000E2,4.686999893E1,1.639999962E1,2.080341407E0,7.000000000E0,9.000000000E0,2.200000000E1
4.615390560E1,5.120931768E1,2.086591948E1,2.414188601E2,2.760000000E2,4.687999725E1,1.569999981E1,2.128692627E0,7.000000000E0,9.000000000E0,2.100000000E1
4.715390390E1,5.120973690E1,2.086610380E1,2.424212067E2,2.770000000E2,4.688999939E1,1.519999981E1,2.176805763E0,7.500000000E0,9.000000000E0,2.100000000E1
4.815390224E1,5.121015235E1,2.086629683E1,2.434235501E2,2.780000000E2,4.690999985E1,1.550000000E1,2.225804867E0,7.500000000E0,9.000000000E0,2.100000000E1
4.915390062E1,5.121057472E1,2.086649741E1,2.444259400E2,2.790000000E2,4.702999878E1,1.600000000E1,2.274894860E0,7.500000000E0,9.000000000E0,2.200000000E1
5.015389896E1,5.121099779E1,2.086669874E1,2.464283346E2,2.810000000E2,4.718000031E1,1.580000019E1,2.323084920E0,7.500000000E0,1.000000000E1,2.100000000E1
5.115389735E1,5.121141370E1,2.086689320E1,2.474306827E2,2.820000000E2,4.731999969E1,1.580000019E1,2.372756773E0,7.500000000E0,1.000000000E1,2.100000000E1
5.215389560E1,5.121184332E1,2.086708859E1,2.454330986E2,2.800000000E2,4.750000000E1,1.580000019E1,2.420887881E0,7.500000000E0,1.000000000E1,2.200000000E1
5.315389399E1,5.121226044E1,2.086727316E1,2.444354354E2,2.790000000E2,4.763999939E1,1.600000000E1,2.469119692E0,7.500000000E0,1.000000000E1,2.200000000E1
5.415389232E1,5.121267841E1,2.086745831E1,2.424377772E2,2.770000000E2,4.780999756E1,1.600000000E1,2.518091047E0,7.000000000E0,1.000000000E1,2.200000000E1
5.515389069E1,5.121310086E1,2.086765705E1,2.424401642E2,2.770000000E2,4.796999741E1,1.600000000E1,2.567114535E0,7.000000000E0,1.000000000E1,2.200000000E1
5.615388892E1,5.121352481E1,2.086785017E1,2.414425488E2,2.760000000E2,4.816999817E1,1.550000000E1,2.615047913E0,7.000000000E0,1.000000000E1,2.200000000E1
5.715388731E1,5.121394114E1,2.086802862E1,2.394448711E2,2.740000000E2,4.832999802E1,1.610000038E1,2.663867751E0,7.000000000E0,1.000000000E1,2.200000000E1
5.815388563E1,5.121436472E1,2.086821302E1,2.374472387E2,2.720000000E2,4.848999786E1,1.539999962E1,2.713339907E0,6.500000000E0,1.000000000E1,2.200000000E1
5.915388393E1,5.121479333E1,2.086840354E1,2.364496412E2,2.710000000E2,4.866999817E1,1.530000019E1,2.763580921E0,6.500000000E0,1.000000000E1,2.300000000E1
6.015388230E1,5.121522651E1,2.086860864E1,2.344520911E2,2.690000000E2,4.884000015E1,1.610000038E1,2.813219654E0,6.500000000E0,1.000000000E1,2.300000000E1
6.115388067E1,5.121565692E1,2.086879774E1,2.334544998E2,2.680000000E2,4.900000000E1,1.580000019E1,2.864481684E0,6.500000000E0,1.000000000E1,2.300000000E1
6.215387889E1,5.121609919E1,2.086900544E1,2.344569982E2,2.690000000E2,4.925000000E1,1.629999924E1,2.915258170E0,6.500000000E0,1.000000000E1,2.200000000E1
6.315387731E1,5.121653676E1,2.086921390E1,2.344594751E2,2.690000000E2,4.948999786E1,1.610000038E1,2.967869179E0,6.000000000E0,9.000000000E0,2.100000000E1
6.415387564E1,5.121698960E1,2.086943284E1,2.354620440E2,2.700000000E2,4.987999725E1,1.610000038E1,3.019057001E0,7.000000000E0,1.000000000E1,2.100000000E1
6.515387394E1,5.121743212E1,2.086963534E1,2.344645345E2,2.690000000E2,4.996999741E1,1.610000038E1,3.069594675E0,6.000000000E0,9.000000000E0,2.100000000E1
6.615387226E1,5.121786970E1,2.086983148E1,2.364669901E2,2.710000000E2,5.009999847E1,1.589999962E1,3.121198912E0,7.000000000E0,1.000000000E1,2.100000000E1
6.715387063E1,5.121831478E1,2.087004136E1,2.374695057E2,2.720000000E2,5.025000000E1,1.560000038E1,3.171621561E0,7.000000000E0,1.000000000E1,2.200000000E1
6.815386894E1,5.121875231E1,2.087023155E1,2.374719507E2,2.720000000E2,5.036999893E1,1.569999981E1,3.222351250E0,7.500000000E0,1.000000000E1,2.100000000E1
6.915386723E1,5.121919035E1,2.087043514E1,2.364744214E2,2.710000000E2,5.046999741E1,1.600000000E1,3.273899076E0,7.000000000E0,1.000000000E1,2.100000000E1
7.015386560E1,5.121963547E1,2.087064193E1,2.354769318E2,2.700000000E2,5.057999802E1,1.629999924E1,3.325761179E0,7.000000000E0,1.000000000E1,2.000000000E1
7.115386394E1,5.122008378E1,2.087084737E1,2.334794553E2,2.680000000E2,5.066999817E1,1.670000076E1,3.376573048E0,7.000000000E0,9.000000000E0,2.000000000E1
7.215386224E1,5.122052290E1,2.087104920E1,2.314819281E2,2.660000000E2,5.075999832E1,1.670000076E1,3.426603127E0,7.500000000E0,1.000000000E1,2.000000000E1
7.315386057E1,5.122095365E1,2.087125674E1,2.304843704E2,2.650000000E2,5.073999786E1,1.679999924E1,3.477616419E0,7.500000000E0,1.000000000E1,2.100000000E1
7.415385896E1,5.122139341E1,2.087146545E1,2.304868581E2,2.650000000E2,5.072999954E1,1.639999962E1,3.528454672E0,7.500000000E0,1.000000000E1,2.100000000E1
7.515385721E1,5.122183375E1,2.087166184E1,2.304893274E2,2.650000000E2,5.070000076E1,1.569999981E1,3.580503855E0,8.000000000E0,1.000000000E1,2.100000000E1
7.615385556E1,5.122228440E1,2.087186392E1,2.294918563E2,2.640000000E2,5.071999741E1,1.560000038E1,3.632118955E0,8.000000000E0,1.000000000E1,2.100000000E1
7.715385392E1,5.122273267E1,2.087205637E1,2.284943570E2,2.630000000E2,5.075000000E1,1.530000019E1,3.683322567E0,8.000000000E0,1.100000000E1,2.100000000E1
7.815385226E1,5.122317779E1,2.087224471E1,2.264968353E2,2.610000000E2,5.077999878E1,1.500000000E1,3.735299562E0,8.000000000E0,1.100000000E1,2.100000000E1
7.915385056E1,5.122363133E1,2.087242534E1,2.254993409E2,2.600000000E2,5.081999969E1,1.389999962E1,3.786647584E0,8.000000000E0,1.000000000E1,2.100000000E1
8.015384895E1,5.122408299E1,2.087257890E1,2.245017904E2,2.590000000E2,5.084999847E1,1.250000000E1,3.838239038E0,8.000000000E0,1.100000000E1,2.100000000E1
8.115384731E1,5.122453897E1,2.087271586E1,2.265042319E2,2.610000000E2,5.089999771E1,9.600000381E0,3.887549219E0,7.500000000E0,1.000000000E1,2.100000000E1
8.215384558E1,5.122497835E1,2.087281167E1,2.255065218E2,2.600000000E2,5.084000015E1,8.500000000E0,3.937270234E0,8.500000000E0,1.100000000E1,2.000000000E1
8.315384392E1,5.122542204E1,2.087290026E1,2.265088201E2,2.610000000E2,5.077999878E1,6.300000191E0,3.986106344E0,8.500000000E0,1.000000000E1,2.000000000E1
8.415384227E1,5.122585903E1,2.087297042E1,2.275110539E2,2.620000000E2,5.071999741E1,5.400000095E0,4.035698730E0,8.500000000E0,1.000000000E1,2.000000000E1
8.515384054E1,5.122630378E1,2.087302373E1,2.265132959E2,2.610000000E2,5.065999985E1,4.599999905E0,4.084365274E0,8.500000000E0,1.000000000E1,2.200000000E1
8.615383889E1,5.122674077E1,2.087306262E1,2.255154755E2,2.600000000E2,5.059000015E1,3.200000048E0,4.133577507E0,9.000000000E0,1.000000000E1,2.000000000E1
8.715383727E1,5.122718245E1,2.087310746E1,2.225176880E2,2.570000000E2,5.007999802E1,3.000000000E0,4.182660823E0,9.000000000E0,1.000000000E1,2.100000000E1
8.815383556E1,5.122762384E1,2.087311509E1,2.195198346E2,2.540000000E2,4.895000076E1,1.899999976E0,4.230562253E0,9.000000000E0,1.000000000E1,2.100000000E1
8.915383388E1,5.122805463E1,2.087311509E1,2.165219166E2,2.510000000E2,4.778999710E1,3.000000119E-1,4.275137510E0,9.500000000E0,9.000000000E0,2.100000000E1
9.015383222E1,5.122845550E1,2.087311048E1,2.125238461E2,2.470000000E2,4.553999710E1,1.000000000E0,4.321047512E0,9.500000000E0,9.000000000E0,2.100000000E1
9.115383055E1,5.122886826E1,2.087309514E1,2.085258144E2,2.430000000E2,4.506999969E1,0.000000000E0,4.367759363E0,9.500000000E0,9.000000000E0,2.000000000E1
9.215382891E1,5.122928799E1,2.087306715E1,2.055277944E2,2.400000000E2,4.456999969E1,3.597999878E2,4.413510294E0,9.500000000E0,9.000000000E0,2.000000000E1
9.315382723E1,5.122969912E1,2.087304141E1,2.025297368E2,2.370000000E2,4.413999939E1,3.593999939E2,4.456901832E0,1.000000000E1,9.000000000E0,1.900000000E1
9.415382557E1,5.123008925E1,2.087302775E1,1.995315987E2,2.340000000E2,4.325999832E1,3.592000122E2,4.499507006E0,1.050000000E1,1.000000000E1,1.900000000E1
9.515382388E1,5.123047235E1,2.087301669E1,1.975334310E2,2.320000000E2,4.241999817E1,3.597000122E2,4.538564665E0,1.100000000E1,1.000000000E1,1.900000000E1
9.615382222E1,5.123082343E1,2.087303454E1,1.955351588E2,2.300000000E2,4.096999741E1,6.000000238E-1,4.574878932E0,1.150000000E1,1.000000000E1,1.800000000E1
9.715382055E1,5.123114998E1,2.087304074E1,1.945367479E2,2.290000000E2,3.915999985E1,1.500000000E0,4.610585913E0,1.150000000E1,1.000000000E1,1.800000000E1
9.815381887E1,5.123147110E1,2.087303672E1,1.935382929E2,2.280000000E2,3.786000061E1,1.700000048E0,4.644069207E0,1.200000000E1,1.000000000E1,1.800000000E1
9.915381724E1,5.123177222E1,2.087303471E1,1.915397447E2,2.260000000E2,3.627999878E1,1.200000048E0,4.675265962E0,1.250000000E1,1.000000000E1,1.800000000E1
1.001538156E2,5.123205175E1,2.087299649E1,1.925410294E2,2.270000000E2,3.418000031E1,1.899999976E0,4.701143479E0,1.300000000E1,1.000000000E1,1.800000000E1
1.011538139E2,5.123228380E1,2.087302465E1,1.925421999E2,2.270000000E2,3.120999908E1,2.700000048E0,4.724333034E0,1.250000000E1,1.000000000E1,1.900000000E1
1.021538122E2,5.123249214E1,2.087303982E1,1.925432331E2,2.270000000E2,2.803999901E1,4.599999905E0,4.745940648E0,1.250000000E1,1.000000000E1,1.900000000E1
1.031538106E2,5.123268618E1,2.087305650E1,1.935441998E2,2.280000000E2,2.561999893E1,4.199999809E0,4.761158833E0,1.250000000E1,1.000000000E1,1.900000000E1
1.041538090E2,5.123282272E1,2.087307142E1,1.935448857E2,2.280000000E2,2.193999863E1,3.500000000E0,4.777232122E0,1.150000000E1,1.000000000E1,2.000000000E1
1.051538073E2,5.123296655E1,2.087309439E1,1.925456207E2,2.270000000E2,1.971999931E1,2.500000000E0,4.793069119E0,1.150000000E1,1.000000000E1,2.000000000E1
1.061538056E2,5.123310875E1,2.087310721E1,1.915463302E2,2.260000000E2,1.810000038E1,3.799999952E0,4.806620370E0,1.150000000E1,1.000000000E1,1.900000000E1
1.071538041E2,5.123322974E1,2.087313051E1,1.925469554E2,2.270000000E2,1.615999985E1,0.000000000E0,4.820917711E0,1.200000000E1,1.000000000E1,1.900000000E1
1.081538025E2,5.123335832E1,2.087313118E1,1.935475780E2,2.280000000E2,1.568999958E1,3.588999939E2,4.836919364E0,1.250000000E1,9.000000000E0,1.700000000E1
1.091538008E2,5.123350203E1,2.087314325E1,1.935482935E2,2.280000000E2,1.644000053E1,1.399999976E0,4.852544194E0,1.250000000E1,9.000000000E0,2.200000000E1
1.101537991E2,5.123364146E1,2.087317108E1,1.935490157E2,2.280000000E2,1.678999901E1,3.299999952E0,4.869342780E0,1.200000000E1,9.000000000E0,1.900000000E1
1.111537975E2,5.123379075E1,2.087320813E1,1.925498015E2,2.270000000E2,1.732999992E1,5.500000000E0,4.886971535E0,1.200000000E1,9.000000000E0,1.900000000E1
1.121537959E2,5.123394740E1,2.087324702E1,1.925506261E2,2.270000000E2,1.752000046E1,6.900000095E0,4.903109658E0,1.150000000E1,9.000000000E0,2.100000000E1
1.131537942E2,5.123409023E1,2.087328818E1,1.935513878E2,2.280000000E2,1.681999969E1,8.100000381E0,4.919408515E0,1.150000000E1,9.000000000E0,2.200000000E1
1.141537925E2,5.123423532E1,2.087332145E1,1.935521468E2,2.280000000E2,1.721999931E1,7.099999905E0,4.937830840E0,1.050000000E1,9.000000000E0,2.200000000E1
1.151537909E2,5.123439810E1,2.087337074E1,1.945530190E2,2.290000000E2,1.802999878E1,8.100000381E0,4.956948905E0,1.100000000E1,9.000000000E0,2.200000000E1
1.161537892E2,5.123456368E1,2.087344467E1,1.955539476E2,2.300000000E2,1.943000031E1,1.039999962E1,4.974511125E0,1.000000000E1,9.000000000E0,2.200000000E1
1.171537875E2,5.123471418E1,2.087352119E1,1.955548078E2,2.300000000E2,1.994999886E1,1.069999981E1,4.994667334E0,1.000000000E1,9.000000000E0,2.200000000E1
1.181537859E2,5.123489133E1,2.087358255E1,1.955557704E2,2.300000000E2,2.055999947E1,9.699999809E0,5.017052118E0,9.500000000E0,9.000000000E0,2.000000000E1
1.191537842E2,5.123508738E1,2.087365556E1,1.975568446E2,2.320000000E2,2.262999916E1,1.060000038E1,5.040488048E0,1.000000000E1,9.000000000E0,2.100000000E1
1.201537826E2,5.123529253E1,2.087373275E1,1.975579701E2,2.320000000E2,2.668999863E1,1.139999962E1,5.066077370E0,9.500000000E0,9.000000000E0,2.100000000E1
1.211537810E2,5.123551629E1,2.087381867E1,1.985592005E2,2.330000000E2,2.677999878E1,1.200000000E1,5.093643534E0,9.500000000E0,9.000000000E0,2.100000000E1
1.221537792E2,5.123575727E1,2.087391162E1,1.995605265E2,2.340000000E2,2.793999863E1,1.280000019E1,5.125528535E0,8.000000000E0,8.000000000E0,2.200000000E1
1.231537776E2,5.123603508E1,2.087402503E1,2.005620660E2,2.350000000E2,3.193999863E1,1.360000038E1,5.161002659E0,8.000000000E0,8.000000000E0,2.000000000E1
1.241537760E2,5.123634354E1,2.087415512E1,2.005637825E2,2.350000000E2,3.439999771E1,1.550000000E1,5.198235226E0,8.000000000E0,8.000000000E0,1.900000000E1
1.251537743E2,5.123666159E1,2.087432234E1,2.015656097E2,2.360000000E2,3.695999908E1,1.729999924E1,5.235433210E0,8.500000000E0,9.000000000E0,2.200000000E1
1.261537727E2,5.123697838E1,2.087449400E1,2.015674386E2,2.360000000E2,3.864999771E1,1.989999962E1,5.276636277E0,8.500000000E0,9.000000000E0,2.400000000E1
1.271537710E2,5.123732732E1,2.087469315E1,2.015694706E2,2.360000000E2,4.097999954E1,2.160000038E1,5.319056761E0,8.500000000E0,9.000000000E0,2.400000000E1
1.281537693E2,5.123767819E1,2.087493237E1,2.015715814E2,2.360000000E2,4.240999985E1,2.310000038E1,5.361868706E0,8.000000000E0,9.000000000E0,2.400000000E1
1.291537676E2,5.123802985E1,2.087518274E1,2.025737153E2,2.370000000E2,4.293999863E1,2.420000076E1,5.405494253E0,8.000000000E0,9.000000000E0,2.500000000E1
1.301537660E2,5.123838038E1,2.087546420E1,2.035758977E2,2.380000000E2,4.389999771E1,2.600000000E1,5.450107347E0,8.000000000E0,9.000000000E0,2.600000000E1
1.311537643E2,5.123872928E1,2.087578062E1,2.065781328E2,2.410000000E2,4.497999954E1,2.779999924E1,5.495946836E0,7.500000000E0,8.000000000E0,2.300000000E1
1.321537627E2,5.123908844E1,2.087610383E1,2.085804293E2,2.430000000E2,4.566999817E1,2.950000000E1,5.540963910E0,7.500000000E0,9.000000000E0,2.100000000E1
1.331537610E2,5.123943357E1,2.087644187E1,2.115826837E2,2.460000000E2,4.596999741E1,3.120000076E1,5.586545783E0,8.000000000E0,9.000000000E0,2.400000000E1
1.341537593E2,5.123977580E1,2.087680229E1,2.155849629E2,2.500000000E2,4.547999954E1,3.320000076E1,5.632838129E0,7.500000000E0,9.000000000E0,2.400000000E1
1.351537578E2,5.124011946E1,2.087717763E1,2.185872749E2,2.530000000E2,4.593000031E1,3.559999847E1,5.681327222E0,7.500000000E0,9.000000000E0,2.400000000E1
1.361537561E2,5.124047468E1,2.087758164E1,2.225896925E2,2.570000000E2,4.656999969E1,3.720000076E1,5.728083960E0,8.500000000E0,1.000000000E1,2.400000000E1
1.371537545E2,5.124080841E1,2.087799026E1,2.235920141E2,2.580000000E2,4.646999741E1,3.829999924E1,5.774228624E0,8.500000000E0,1.000000000E1,2.100000000E1
1.381537529E2,5.124112566E1,2.087841757E1,2.255942886E2,2.600000000E2,4.588999939E1,3.970000076E1,5.818152460E0,8.500000000E0,1.000000000E1,2.000000000E1
1.391537512E2,5.124142423E1,2.087883071E1,2.265964481E2,2.610000000E2,4.496999741E1,4.109999847E1,5.862908507E0,8.000000000E0,1.000000000E1,2.000000000E1
1.401537495E2,5.124171378E1,2.087927730E1,2.275986221E2,2.620000000E2,4.502999878E1,4.279999924E1,5.906926069E0,8.000000000E0,1.000000000E1,2.000000000E1
1.411537479E2,5.124199424E1,2.087972355E1,2.296007515E2,2.640000000E2,4.436000061E1,4.550000000E1,5.952504841E0,8.000000000E0,9.000000000E0,2.100000000E1
1.421537463E2,5.124227243E1,2.088020442E1,2.306029300E2,2.650000000E2,4.455999756E1,4.770000076E1,5.995181672E0,8.000000000E0,9.000000000E0,2.200000000E1
1.431537447E2,5.124252125E1,2.088067121E1,2.306049421E2,2.650000000E2,4.411000061E1,4.909999847E1,6.037424280E0,8.500000000E0,1.000000000E1,2.100000000E1
1.441537430E2,5.124276068E1,2.088114236E1,2.296069164E2,2.640000000E2,4.380999756E1,5.009999847E1,6.080184758E0,8.500000000E0,1.000000000E1,2.100000000E1
1.451537414E2,5.124299252E1,2.088163245E1,2.276088869E2,2.620000000E2,4.427999878E1,5.159999847E1,6.125492468E0,8.000000000E0,1.000000000E1,2.200000000E1
1.461537397E2,5.124324054E1,2.088214885E1,2.276109811E2,2.620000000E2,4.487999725E1,5.279999924E1,6.171346928E0,8.000000000E0,9.000000000E0,2.200000000E1
1.471537381E2,5.124348236E1,2.088268245E1,2.256130752E2,2.600000000E2,4.511999893E1,5.470000076E1,6.217373632E0,8.500000000E0,9.000000000E0,2.200000000E1
1.481537364E2,5.124372208E1,2.088322149E1,2.236151686E2,2.580000000E2,4.545999908E1,5.600000000E1,6.265214676E0,8.500000000E0,9.000000000E0,2.300000000E1
1.491537348E2,5.124396914E1,2.088378416E1,2.236173384E2,2.580000000E2,4.600000000E1,5.650000000E1,6.310388949E0,8.500000000E0,9.000000000E0,2.400000000E1
1.501537331E2,5.124419277E1,2.088432597E1,2.226193588E2,2.570000000E2,4.527999878E1,5.729999924E1,6.355691758E0,9.000000000E0,9.000000000E0,2.400000000E1
1.511537315E2,5.124441024E1,2.088487633E1,2.236213642E2,2.580000000E2,4.490999985E1,5.770000076E1,6.398675762E0,9.000000000E0,9.000000000E0,2.400000000E1
1.521537298E2,5.124460881E1,2.088540615E1,2.236232427E2,2.580000000E2,4.336000061E1,5.800000000E1,6.441469793E0,9.500000000E0,1.000000000E1,2.300000000E1
1.531537281E2,5.124481584E1,2.088592440E1,2.236251419E2,2.580000000E2,4.104999924E1,5.779999924E1,6.483300265E0,9.500000000E0,1.000000000E1,2.200000000E1
1.541537265E2,5.124501487E1,2.088643435E1,2.226269881E2,2.570000000E2,4.084999847E1,5.779999924E1,6.523158863E0,9.000000000E0,9.000000000E0,2.200000000E1
1.551537248E2,5.124519956E1,2.088692511E1,2.226287318E2,2.570000000E2,4.084999847E1,5.820000076E1,6.562019107E0,9.000000000E0,1.000000000E1,2.100000000E1
1.561537233E2,5.124538036E1,2.088740288E1,2.236304340E2,2.580000000E2,4.080999756E1,5.850000000E1,6.597245736E0,9.500000000E0,1.000000000E1,2.000000000E1
1.571537216E2,5.124553756E1,2.088784226E1,2.236319557E2,2.580000000E2,4.006999969E1,5.859999847E1,6.632606068E0,1.000000000E1,1.000000000E1,2.000000000E1
1.581537200E2,5.124570864E1,2.088827049E1,2.236335250E2,2.580000000E2,3.837999725E1,5.820000076E1,6.667777841E0,1.000000000E1,1.000000000E1,1.900000000E1
1.591537183E2,5.124587280E1,2.088870241E1,2.216350673E2,2.560000000E2,3.804999924E1,5.790000153E1,6.705800194E0,1.000000000E1,1.000000000E1,2.000000000E1
1.601537167E2,5.124605573E1,2.088916392E1,2.206367516E2,2.550000000E2,4.015999985E1,5.809999847E1,6.745478338E0,9.500000000E0,1.000000000E1,2.100000000E1
1.611537150E2,5.124625078E1,2.088964127E1,2.196385219E2,2.540000000E2,4.027999878E1,5.740000153E1,6.788189042E0,9.000000000E0,1.000000000E1,2.100000000E1
1.621537134E2,5.124646188E1,2.089015391E1,2.176404310E2,2.520000000E2,4.030999756E1,5.700000000E1,6.832011644E0,9.000000000E0,9.000000000E0,2.100000000E1
1.631537118E2,5.124667231E1,2.089068624E1,2.166423710E2,2.510000000E2,4.043999863E1,5.690000153E1,6.874182584E0,8.500000000E0,9.000000000E0,2.100000000E1
1.641537101E2,5.124687192E1,2.089120139E1,2.166442289E2,2.510000000E2,4.145000076E1,5.709999847E1,6.917917547E0,9.000000000E0,9.000000000E0,2.000000000E1
1.651537085E2,5.124707464E1,2.089173985E1,2.156461421E2,2.500000000E2,4.359999847E1,5.809999847E1,6.962275500E0,9.000000000E0,9.000000000E0,2.200000000E1
1.661537068E2,5.124728305E1,2.089228325E1,2.156480915E2,2.500000000E2,4.448999786E1,5.920000076E1,7.006730889E0,9.000000000E0,9.000000000E0,2.000000000E1
1.671537052E2,5.124748866E1,2.089283100E1,2.176500349E2,2.520000000E2,4.496999741E1,5.909999847E1,7.051544519E0,9.500000000E0,9.000000000E0,2.000000000E1
1.681537036E2,5.124769850E1,2.089338069E1,2.176520020E2,2.520000000E2,4.473999786E1,5.929999924E1,7.095748038E0,9.500000000E0,9.000000000E0,2.000000000E1
1.691537019E2,5.124791203E1,2.089391638E1,2.166539627E2,2.510000000E2,4.468999863E1,5.890000153E1,7.142915301E0,1.000000000E1,9.000000000E0,1.900000000E1
1.701537003E2,5.124813893E1,2.089448894E1,2.166560519E2,2.510000000E2,4.570000076E1,5.779999924E1,7.189649595E0,9.500000000E0,9.000000000E0,2.000000000E1
1.711536987E2,5.124837098E1,2.089504877E1,2.146581439E2,2.490000000E2,4.581999969E1,5.759999847E1,7.236255056E0,9.000000000E0,9.000000000E0,2.100000000E1
1.721536970E2,5.124860308E1,2.089560634E1,2.146602321E2,2.490000000E2,4.597999954E1,5.690000153E1,7.284126391E0,9.500000000E0,9.000000000E0,2.100000000E1
1.731536954E2,5.124883320E1,2.089618762E1,2.136623520E2,2.480000000E2,4.627000046E1,5.750000000E1,7.330723502E0,9.500000000E0,9.000000000E0,1.900000000E1
1.741536937E2,5.124904925E1,2.089676128E1,2.116643905E2,2.460000000E2,4.602999878E1,5.770000076E1,7.375329362E0,9.500000000E0,9.000000000E0,2.000000000E1
1.751536921E2,5.124925921E1,2.089730736E1,2.126663519E2,2.470000000E2,4.548999786E1,5.779999924E1,7.417901388E0,9.500000000E0,9.000000000E0,1.900000000E1
1.761536905E2,5.124946356E1,2.089782461E1,2.126682361E2,2.470000000E2,4.329999924E1,5.800000000E1,7.463265730E0,9.500000000E0,9.000000000E0,2.000000000E1
1.771536889E2,5.124968262E1,2.089837446E1,2.126702480E2,2.470000000E2,4.322999954E1,5.740000153E1,7.506143666E0,9.500000000E0,9.000000000E0,2.000000000E1
1.781536872E2,5.124989322E1,2.089889053E1,2.116721603E2,2.460000000E2,4.286000061E1,5.750000000E1,7.547326828E0,9.500000000E0,9.000000000E0,2.000000000E1
1.791536857E2,5.125009401E1,2.089938775E1,2.116739925E2,2.460000000E2,4.286000061E1,5.759999847E1,7.588351058E0,9.500000000E0,9.000000000E0,2.000000000E1
1.801536840E2,5.125029371E1,2.089988337E1,2.116758167E2,2.460000000E2,4.281999969E1,5.750000000E1,7.628667635E0,9.500000000E0,9.000000000E0,2.000000000E1
1.811536824E2,5.125048465E1,2.090037581E1,2.126775931E2,2.470000000E2,4.275000000E1,5.700000000E1,7.671368889E0,9.500000000E0,9.000000000E0,2.000000000E1
1.821536807E2,5.125070073E1,2.090088299E1,2.116795164E2,2.460000000E2,4.214999771E1,5.609999847E1,7.710896702E0,9.500000000E0,9.000000000E0,2.000000000E1
1.831536791E2,5.125089892E1,2.090135448E1,2.116812914E2,2.460000000E2,3.955999756E1,5.620000076E1,7.748630244E0,1.000000000E1,9.000000000E0,1.900000000E1
1.841536775E2,5.125109435E1,2.090179771E1,2.106830041E2,2.450000000E2,3.905999756E1,5.650000000E1,7.784945314E0,1.000000000E1,9.000000000E0,1.900000000E1
1.851536759E2,5.125128281E1,2.090222385E1,2.086846535E2,2.430000000E2,3.781999969E1,5.759999847E1,7.822063476E0,1.000000000E1,9.000000000E0,1.900000000E1
1.861536742E2,5.125147002E1,2.090266541E1,2.086863235E2,2.430000000E2,3.759999847E1,5.740000153E1,7.858148710E0,1.050000000E1,1.000000000E1,1.900000000E1
1.871536727E2,5.125164139E1,2.090310571E1,2.086879148E2,2.430000000E2,3.629999924E1,5.779999924E1,7.893162886E0,1.050000000E1,9.000000000E0,1.900000000E1
1.881536710E2,5.125181925E1,2.090352086E1,2.076894939E2,2.420000000E2,3.557999802E1,5.709999847E1,7.930795438E0,1.050000000E1,1.000000000E1,1.900000000E1
1.891536694E2,5.125200609E1,2.090397173E1,2.086911782E2,2.430000000E2,3.509000015E1,5.750000000E1,7.964867035E0,1.000000000E1,9.000000000E0,1.900000000E1
1.901536678E2,5.125217276E1,2.090438252E1,2.076926957E2,2.420000000E2,3.463000107E1,5.750000000E1,7.998729033E0,1.000000000E1,9.000000000E0,1.900000000E1
1.911536662E2,5.125233420E1,2.090479508E1,2.086941908E2,2.430000000E2,3.454000092E1,5.679999924E1,8.032979976E0,9.500000000E0,9.000000000E0,2.000000000E1
1.921536645E2,5.125250125E1,2.090520856E1,2.086957147E2,2.430000000E2,3.471999741E1,5.590000153E1,8.066181862E0,9.500000000E0,9.000000000E0,2.000000000E1
1.931536629E2,5.125266780E1,2.090560452E1,2.086972058E2,2.430000000E2,3.434000015E1,5.579999924E1,8.101348130E0,9.500000000E0,9.000000000E0,1.900000000E1
1.941536613E2,5.125285107E1,2.090601632E1,2.086988051E2,2.430000000E2,3.429999924E1,5.509999847E1,8.132428527E0,9.000000000E0,9.000000000E0,1.900000000E1
1.951536596E2,5.125301908E1,2.090637323E1,2.077002356E2,2.420000000E2,3.336999893E1,5.459999847E1,8.164522057E0,9.000000000E0,8.000000000E0,2.000000000E1
1.961536580E2,5.125318064E1,2.090675536E1,2.077016786E2,2.420000000E2,3.290999985E1,5.520000076E1,8.196032858E0,9.000000000E0,8.000000000E0,1.900000000E1
1.971536564E2,5.125333780E1,2.090713212E1,2.077030910E2,2.420000000E2,3.222999954E1,5.550000000E1,8.228175683E0,9.500000000E0,8.000000000E0,1.700000000E1
1.981536547E2,5.125350192E1,2.090751233E1,2.067045430E2,2.410000000E2,3.200000000E1,5.529999924E1,8.261063898E0,1.000000000E1,8.000000000E0,1.800000000E1
1.991536531E2,5.125366994E1,2.090790125E1,2.057060289E2,2.400000000E2,3.232999802E1,5.500000000E1,8.294472233E0,1.050000000E1,8.000000000E0,1.900000000E1
2.001536515E2,5.125385744E1,2.090827634E1,2.047075849E2,2.390000000E2,3.309000015E1,5.350000000E1,8.329578395E0,1.000000000E1,8.000000000E0,1.900000000E1
2.011536498E2,5.125404712E1,2.090867959E1,2.037092003E2,2.380000000E2,3.372999954E1,5.350000000E1,8.364032300E0,1.050000000E1,8.000000000E0,1.900000000E1
2.021536482E2,5.125423492E1,2.090907337E1,2.027107902E2,2.370000000E2,3.361000061E1,5.350000000E1,8.396992977E0,1.050000000E1,8.000000000E0,1.900000000E1
2.031536465E2,5.125440017E1,2.090946657E1,2.027122701E2,2.370000000E2,3.291999817E1,5.390000153E1,8.428782554E0,1.050000000E1,8.000000000E0,1.900000000E1
2.041536448E2,5.125456835E1,2.090983596E1,2.017137229E2,2.360000000E2,3.193999863E1,5.379999924E1,8.460624974E0,1.050000000E1,8.000000000E0,1.800000000E1
2.051536432E2,5.125475032E1,2.091018925E1,2.027152144E2,2.370000000E2,3.170999908E1,5.259999847E1,8.493068925E0,1.100000000E1,8.000000000E0,1.600000000E1
2.061536415E2,5.125493577E1,2.091054917E1,2.027167342E2,2.370000000E2,3.218000031E1,5.190000153E1,8.526594726E0,1.150000000E1,9.000000000E0,1.600000000E1
2.071536399E2,5.125512994E1,2.091091773E1,2.017183111E2,2.360000000E2,3.281999969E1,5.159999847E1,8.559624934E0,1.200000000E1,9.000000000E0,1.500000000E1
2.081536382E2,5.125532352E1,2.091127773E1,2.017198702E2,2.360000000E2,3.300000000E1,5.159999847E1,8.592952800E0,1.200000000E1,9.000000000E0,1.600000000E1
2.091536366E2,5.125552154E1,2.091163723E1,2.007214500E2,2.350000000E2,3.316999817E1,5.140000153E1,8.625409692E0,1.200000000E1,9.000000000E0,1.600000000E1
2.101536349E2,5.125571349E1,2.091198860E1,2.007229863E2,2.350000000E2,3.320000076E1,5.170000076E1,8.658469268E0,1.100000000E1,9.000000000E0,1.600000000E1
2.111536332E2,5.125590011E1,2.091235841E1,1.997245288E2,2.340000000E2,3.343000031E1,5.179999924E1,8.691054178E0,1.050000000E1,9.000000000E0,1.600000000E1
2.121536316E2,5.125608397E1,2.091272302E1,1.997260490E2,2.340000000E2,3.355999756E1,5.170000076E1,8.723591290E0,1.050000000E1,9.000000000E0,1.600000000E1
2.131536299E2,5.125626753E1,2.091308713E1,1.987275669E2,2.330000000E2,3.416999817E1,5.190000153E1,8.756637752E0,1.050000000E1,9.000000000E0,1.700000000E1
2.141536282E2,5.125645449E1,2.091345627E1,1.977291098E2,2.320000000E2,3.495000076E1,5.209999847E1,NaN,1.000000000E1,9.000000000E0,1.800000000E1
